"id","name","email"
"5","Harry","harry@example.com"
"6","sam","samvale@example.com"
"1","Alice","alice@example.com"
"1","Scarlet","scarlet@example.com"
"1","Scarlet","scarlet@example.com"
"1","Scarlet","scarlet@example.com"
"2","Bob","bob@example.com"
"2","Parker","parkerpaul@example.com"
"2","Parker","parkerpaul@example.com"
"2","Parker","parkerpaul@example.com"
"3","Alex","alxpaul@example.com"
"3","Charlie","charlie@example.com"
"3","Charlie","charlie@example.com"
"3","Charlie","charlie@example.com"
"4","Tom","tomharley@example.com"
"4","Diana","diana@example.com"
"4","Diana","diana@example.com"
"4","Diana","diana@example.com"
